,Title,published_date,Views,Likes,Comments,Month
0,So You Think You Can ANALYZE? (Data Content Creator Hackathon),2024-09-21 15:46:36+00:00,42589,1509,96,Sep
1,Moving On,2024-04-22 10:00:19+00:00,12344,505,91,Apr
2,How Does ChatGPT Image Analysis Do on an IQ Test?,2023-11-30 12:00:22+00:00,4584,95,25,Nov
3,A Data Dream Come True,2023-11-17 12:00:28+00:00,2635,99,23,Nov
4,The Death of the Full-Time Job,2023-09-22 11:46:35+00:00,6738,427,78,Sep
5,How to Survive a Down Data Job Market,2023-09-05 10:50:39+00:00,18107,608,64,Sep
6,The Harsh Reality of the Data Job Market,2023-08-24 11:30:19+00:00,109705,2619,287,Aug
7,7 Industries AI will Aggressively Disrupt,2023-08-14 11:30:19+00:00,6992,263,42,Aug
8,What's in My Data Science Travel Bag? (50+ Flights Last Year),2023-08-07 17:57:05+00:00,4730,137,48,Aug
9,7 Enticing Jobs AI Will Create,2023-07-24 12:00:01+00:00,4990,203,37,Jul
10,The ChatGPT Code Interpreter is OVERRATED,2023-07-22 09:42:29+00:00,4331,147,31,Jul
11,Exciting Announcement!,2023-06-23 17:28:36+00:00,6765,295,50,Jun
12,AI: A Customer Service Revolution?,2023-05-26 12:00:21+00:00,4194,126,35,May
13,Beginner Kaggle Data Science Project Walk-Through (Housing Prices) | With ChatGPT,2023-05-16 12:00:25+00:00,78033,2335,52,May
14,How I Would Learn Data Science with AI (If I Could Start Over),2023-05-04 12:04:56+00:00,37378,1515,76,May
15,This AI question will determine our future,2023-04-06 13:00:32+00:00,4401,258,38,Apr
16,I'll Never Code the Same Again... (GPT-4 is OP),2023-04-03 13:00:27+00:00,71737,830,78,Apr
17,Your current portfolio is actually hurting you #shorts,2023-03-30 13:00:37+00:00,9783,546,5,Mar
18,"Traditional ""networking"" is stupid. Do THIS instead #shorts",2023-03-27 13:00:41+00:00,8329,441,3,Mar
19,you're job searching wrong. #shorts,2023-03-23 13:00:35+00:00,4716,270,3,Mar
20,The Economics of Data Roles #shorts,2023-03-21 13:00:15+00:00,11243,653,13,Mar
21,Why your phone knows everything you say #shorts,2023-03-18 13:00:42+00:00,4106,186,8,Mar
22,Read these for a successful career. #shorts,2023-03-16 01:19:35+00:00,3370,253,2,Mar
23,Is Your Phone Actually Listening to You? #shorts,2023-03-09 13:00:01+00:00,3346,57,5,Mar
24,How I Realized I Was a Bad Manager #shorts,2023-03-07 13:00:11+00:00,3348,144,1,Mar
25,How I Use ChatGPT as a Data Scientist (4-5 hrs Saved Per Week),2023-03-03 13:00:07+00:00,21284,777,50,Mar
26,Why I Quit Data Science... and then crawled back #shorts,2023-03-01 13:00:17+00:00,9280,290,12,Mar
27,The Best Place to Look for Data Science Opportunities #shorts,2023-02-27 13:00:32+00:00,2964,178,2,Feb
28,Learning On the companies dime #shorts,2023-02-24 17:00:13+00:00,3384,180,1,Feb
29,The Best Way to Transition to Data Science? #shorts,2023-02-21 17:13:47+00:00,5074,300,6,Feb
30,Avoid this Massive Data Science Learning Mistake #shorts,2023-02-17 13:00:03+00:00,7515,411,6,Feb
31,Don't Go into Data for the Money #shorts,2023-02-15 10:00:37+00:00,3917,219,12,Feb
32,First Data Science Project? Watch This.,2023-02-13 13:00:36+00:00,8842,398,25,Feb
33,How to Approach Applying for a Data Role #shorts,2023-02-08 13:00:39+00:00,3773,245,7,Feb
34,The Hard Reality of Data Science Work #shorts,2023-02-06 19:35:25+00:00,18280,933,16,Feb
35,How Much Money Does a Data Scientist Make? #shorts,2023-02-03 12:00:03+00:00,5398,204,6,Feb
36,These 3 Things Make Data Science Special #shorts,2023-02-01 12:00:12+00:00,4577,356,7,Feb
37,Will Data Science Be Automated? #shorts,2023-01-27 11:00:44+00:00,10748,440,10,Jan
38,Is Data Science A Good Fit For You? #shorts,2023-01-25 11:00:05+00:00,5559,304,10,Jan
39,5 Books I Wish I Read Earlier In My Career,2023-01-23 15:31:48+00:00,9964,527,49,Jan
40,How To Start Working on Data Science Projects (As a Beginner) #shorts,2023-01-19 07:00:06+00:00,13491,988,18,Jan
41,What Data Science Tool Would I Learn First? #shorts,2023-01-17 07:00:12+00:00,6612,479,10,Jan
42,How long does it take to become a Data Scientist? #shorts,2023-01-12 11:45:02+00:00,9804,590,8,Jan
43,Where & how to start your Data Science Journey #shorts,2023-01-09 00:35:13+00:00,7417,433,3,Jan
44,How I Would NOT Learn Data Science in 2023.,2023-01-03 13:00:34+00:00,129667,4171,257,Jan
45,The Greatest Data Science Event You Never Heard Of  [Behind The Scenes],2022-12-14 13:00:23+00:00,5118,208,27,Dec
46,The Essential Programming Concepts For Learning Data Science,2022-11-14 13:00:02+00:00,21437,865,46,Nov
47,The Data Content House: What You Missed,2022-10-07 13:00:04+00:00,10703,345,48,Oct
48,Is Data Science A Good Career?,2022-09-29 20:40:31+00:00,65065,1986,141,Sep
49,IRON ANALYST (Teaser) #shorts,2022-09-27 17:21:13+00:00,5721,364,22,Sep
50,When a New Data Scientist Joins The Team,2022-08-29 13:00:01+00:00,16913,754,134,Aug
51,State of Data Science - Web Data,2022-08-05 20:20:04+00:00,10532,350,34,Aug
52,Data Science Town Hall - State of Data Science,2022-08-04 18:34:49+00:00,10063,366,37,Aug
53,The Programming Roadmap For Data Science,2022-07-29 14:31:33+00:00,29149,1338,60,Jul
54,5 Impactful Data Science Projects For Your Portfolio,2022-06-27 13:00:10+00:00,109773,3802,96,Jun
55,Can AI Fix my Baseball Swing?,2022-06-10 13:00:00+00:00,8505,349,68,Jun
56,Every Data Scientist... (funny!),2022-05-24 13:00:07+00:00,18417,857,146,May
57,State of Data Science (Town Hall) ft - Data Squad,2022-05-07 22:43:20+00:00,16063,422,66,May
58,Data Science Portfolio Project From Scratch | Building a YouTube Data Dashboard with Streamlit,2022-04-04 13:00:16+00:00,84656,1971,88,Apr
59,Why You Are NOT Landing Data Jobs ... Yet,2022-03-25 13:00:38+00:00,22624,913,111,Mar
60,Data Scientists VS NFT Scam,2022-03-03 13:00:36+00:00,5354,188,41,Mar
61,When a PM Joins the Data Team... (funny!) - Ft @LukeBarousse,2022-02-21 13:00:03+00:00,11599,518,144,Feb
62,What Professional Data Scientists ACTUALLY Do,2022-02-14 13:00:31+00:00,103173,3527,186,Feb
63,Can You Analyze My Data Better Than I Can?,2022-01-31 13:00:11+00:00,7764,325,60,Jan
64,Giving Back to My Most Engaged Subscribers!,2022-01-28 13:00:01+00:00,2346,117,87,Jan
65,How to Make $1 Billion Betting on Horse Racing with Machine Learning,2022-01-24 13:00:09+00:00,79878,1687,163,Jan
66,Should You Be Excited About Web 3? (As a Data Scientist),2022-01-17 13:00:00+00:00,9186,426,82,Jan
67,Should  @LukeBarousse Take This Data Analyst Job? (Funny) #Shorts,2022-01-14 10:00:02+00:00,8768,256,33,Jan
68,The Only Data Science Explanation You Need,2022-01-10 13:00:33+00:00,93739,2515,172,Jan
69,We Need to Talk About The LinkedIn Machine Learning Assessment.,2022-01-03 13:00:35+00:00,14698,641,144,Jan
70,How I Would Learn Data Science in 2022 (If I Had to Start Over),2021-12-27 13:00:34+00:00,347499,14940,526,Dec
71,What the Heck is WSL 2? (My New Favorite Tool),2021-12-17 14:00:01+00:00,23282,630,71,Dec
72,How Statistics Saved the US SERIOUS $$$$ During WW2 #Shorts,2021-12-10 13:00:22+00:00,8263,572,25,Dec
73,How Zillow Lost $500 MILLION With Machine Learning,2021-12-03 13:00:14+00:00,25506,1184,145,Dec
74,Why Is Data Engineering So HOT Right Now?,2021-11-26 13:00:22+00:00,30063,1098,134,Nov
75,Is Data Science Dying?,2021-11-19 13:00:01+00:00,127264,3901,359,Nov
76,7 Incredible Books That Transformed My Health and My Life,2021-11-12 13:00:04+00:00,8797,402,113,Nov
77,Why EVERYONE Should Start a Podcast (Including YOU),2021-11-05 13:00:23+00:00,3677,202,45,Nov
78,Building a Burrito Dashboard - Data Science Project from Scratch with atoti,2021-10-29 12:00:01+00:00,15251,307,39,Oct
79,ML Ops: What is it REALLY?,2021-10-22 13:00:00+00:00,7403,281,66,Oct
80,Business Skills for Data Science: What are they REALLY?,2021-10-18 13:00:27+00:00,7087,306,50,Oct
81,#66DaysOfData Round 3 Live Event! (feat. @statquest),2021-10-12 16:05:54+00:00,2230,119,5,Oct
82,Roasting My First Data Science Project (Common Project Mistakes),2021-10-08 13:00:15+00:00,6168,283,64,Oct
83,Is Data Visualization Important for Data Science? (A Data Scientist's Perspective),2021-08-20 13:00:20+00:00,13309,534,108,Aug
84,Project Presentation - Expectations vs. Reality (funny) #shorts,2021-08-07 14:00:11+00:00,10673,437,32,Aug
85,Data Science Project - Expectations vs Reality (funny) #shorts,2021-08-06 23:04:24+00:00,42893,1631,31,Aug
86,How I Learned to Learn.,2021-07-31 13:00:26+00:00,51394,2358,209,Jul
87,Is Spotify Shuffle Really Random? #Shorts,2021-07-21 13:00:21+00:00,11500,616,49,Jul
88,I Eat a Papaya Live on Stream (Plus Q&A for 150K Subs!),2021-07-16 21:30:26+00:00,2490,92,30,Jul
89,Why are APIs Important for Data Science?,2021-07-09 13:00:32+00:00,11436,480,95,Jul
90,Is Your Phone REALLY Listening to You?,2021-07-03 13:00:31+00:00,5363,278,116,Jul
91,Kaggle vs Github - Which is Best for Your Data Science Portfolio?,2021-06-25 13:00:12+00:00,19058,674,123,Jun
92,#66DaysOfData - 3 Reasons to Start!,2021-06-18 13:00:32+00:00,4168,226,39,Jun
93,#66DaysOfData - What is it? #shorts,2021-06-11 12:48:29+00:00,9848,399,54,Jun
94,A Quick Data Science Project Tip! #SHORTS,2021-06-03 13:00:06+00:00,17181,1024,89,Jun
95,Discouraged with Data Science? - Watch THIS video.,2021-05-28 13:00:02+00:00,7622,387,195,May
96,How Data Science Projects Pay Off,2021-05-22 13:30:03+00:00,11275,615,146,May
97,How I Use Data to Optimize My Life | What I Collect & How I Analyze It,2021-05-14 13:00:03+00:00,10992,494,134,May
98,What is a lambda function (python)? #shorts,2021-05-13 00:38:55+00:00,16454,974,49,May
99,Why Kaggle Should Be Your Favorite Data Science Resource #shorts,2021-05-07 13:00:30+00:00,35198,1772,63,May
100,What is Pandas? (Data & Data Science) #shorts,2021-04-30 13:00:07+00:00,26288,1328,85,Apr
101,The 7 Biggest Data Science  Beginner Mistakes,2021-04-23 13:00:14+00:00,77942,3416,285,Apr
102,Data Scientist Reacts: REAL Data Science Job Application Data,2021-04-16 13:00:00+00:00,23811,703,85,Apr
103,Why You Probably Won't Become a Data Scientist,2021-04-09 13:00:31+00:00,139601,4022,464,Apr
104,How to Go From Data Analyst to Data Scientist,2021-04-02 13:00:14+00:00,57519,1607,177,Apr
105,Why I Have 2 Offices for Data Science & Content Creation,2021-03-26 13:00:03+00:00,4123,140,92,Mar
106,MARCH MADNESS - Will My Machine Learning Model Beat Your Bracket?,2021-03-19 13:00:32+00:00,19245,368,108,Mar
107,My Regrets as a Data Science Student,2021-03-12 13:00:27+00:00,24324,883,112,Mar
108,My Daily Battle With Time - Will I Win? [Vlog],2021-03-08 13:00:06+00:00,3878,192,83,Mar
109,What is the Future of my Comment Leaderboard Project?,2021-02-26 14:00:15+00:00,5653,200,81,Feb
110,How to Build a Website  - Building my ULTIMATE Portfolio Website,2021-02-19 13:00:14+00:00,7369,180,51,Feb
111,Why I Quit Data Science,2021-02-12 13:00:19+00:00,106315,2353,346,Feb
112,ðŸŒ¶ Hot Topics in Tech: Data Science Explained #SHORTS,2021-01-29 13:00:06+00:00,10970,564,116,Jan
113,How I Balance Data Science and Content Creation (7 Secrets),2021-01-23 14:00:30+00:00,7111,294,124,Jan
114,Kaggle Project From Scratch - Part 3 (Advanced Graphs & Gender Imbalance Analysis),2021-01-16 14:00:10+00:00,11030,316,52,Jan
115,Kaggle Project From Scratch - Part 2 (Exploratory Data Analysis),2021-01-08 13:00:16+00:00,26217,729,134,Jan
116,Kaggle Project From Scratch - Part 1 (Data Science Profession Survey),2021-01-02 14:00:26+00:00,43440,1200,148,Jan
117,What is the #66DaysOfData?,2020-12-26 14:00:31+00:00,71880,2329,193,Dec
118,How I Would Learn Data Science in 2021 (What Has Changed?),2020-12-19 14:00:01+00:00,132114,5913,486,Dec
119,Unboxing the Ultimate Z by HP Data Science Package (FIRST EVER HP Workstation w/ Data Science Stack),2020-12-10 13:00:09+00:00,11386,403,131,Dec
120,I Built the FIRST EVER YouTube Subscriber LEADERBOARD,2020-12-07 14:00:11+00:00,24158,720,324,Dec
121,7 Things to Look For in a Masters For Data Science (feat. @TinaHuang1),2020-11-20 13:00:26+00:00,29274,876,160,Nov
122,6 Lessons from #66DaysOfData,2020-11-13 13:00:02+00:00,6820,336,93,Nov
123,100K Channel Update + AMA Stream!,2020-11-12 17:34:26+00:00,2329,126,21,Nov
124,Find a Data Science Project With These 3 Techniques,2020-11-06 13:00:13+00:00,17434,737,104,Nov
125,How I Chose My Masters Degree for Breaking into Data Science,2020-10-30 14:00:07+00:00,28913,701,153,Oct
126,git for Data Science Made Simple... (Hopefully),2020-10-23 15:00:10+00:00,24120,958,88,Oct
127,The PODCAST you might have asked for?,2020-10-19 15:00:11+00:00,2141,91,44,Oct
128,Dealing with Doubt in Data Science (My Impostor Syndrome Story),2020-10-16 15:00:18+00:00,6919,451,113,Oct
129,Advice from a Data Analytics CEO (@How to Get an Analytics Job) - KNN EP. 17,2020-10-14 15:00:11+00:00,15070,432,45,Oct
130,Data Science Resume Round-Up With @Tina Huang  | Episode 3,2020-10-12 15:00:00+00:00,7505,155,60,Oct
131,5 Unusual Data Science Projects that Will Land You a Job,2020-10-09 15:00:09+00:00,13157,597,83,Oct
132,Sh*t Data Scientists Say (Parody),2020-10-05 15:00:08+00:00,10128,582,144,Oct
133,5 Proven Strategies to Break into a Data Science Job,2020-10-02 15:00:08+00:00,8720,364,93,Oct
134,Why Data-Viz is so Darn Important (@Story by Data | Kate Strachnyi) - KNN EP. 16,2020-09-30 15:00:09+00:00,7147,285,59,Sep
135,Data Science Resume Round-Up With @TinaHuang1  - Episode 1,2020-09-28 15:00:04+00:00,12367,290,69,Sep
136,5 Essential Data Science Projects for Your Portfolio,2020-09-26 15:00:06+00:00,76078,3151,207,Sep
137,His Startup Will Land You a Data Science Job (Jeremie Harris) - KNN EP. 15,2020-09-23 15:00:02+00:00,5334,202,66,Sep
138,Reviewing Your Data Science Projects - Episode 21(The Cleanest Portfolio),2020-09-21 15:00:03+00:00,15346,547,60,Sep
139,"Hedge Funds, Startups, and Data Science Oh my! (@DataLeap) - KNN EP. 14",2020-09-18 16:00:10+00:00,7756,252,34,Sep
140,Land a Data Science Job in a Different Country (Vijay Pravin Maharajan) - KNN EP. 13,2020-09-16 15:00:24+00:00,5247,199,56,Sep
141,Reviewing Your Data Science Projects - Episode 20 (Bootcamp Capstone),2020-09-14 15:00:00+00:00,4693,159,35,Sep
142,The 5 Pillars of Success I Live By,2020-09-11 15:00:11+00:00,10266,863,152,Sep
143,Fast Cars to Faster Data (Alex Castrounis) - KNN EP. 12,2020-09-09 15:00:12+00:00,1926,77,25,Sep
144,Reviewing Your Data Science Projects - Episode 19 (One Big Improvement),2020-09-07 15:00:30+00:00,4110,165,43,Sep
145,How I Learn Data Science Through Studying Other People's Code | #66DaysOfData,2020-09-04 15:00:00+00:00,12309,744,143,Sep
146,How She Dominated the FAANG Data Science Interview  (@TinaHuang1 ) - KNN EP. 11,2020-09-02 15:00:13+00:00,18234,572,87,Sep
147,Reviewing Your Data Science Projects - Episode 18 (Job-Worthy GitHub),2020-08-31 15:00:15+00:00,18679,794,93,Aug
148,Why I'm Starting Data Science Over Again.,2020-08-29 15:30:10+00:00,50996,2571,442,Aug
149,Inside the Mind of the Ultimate Kaggle Grandmaster (@Abhishek Thakur ) - KNN EP. 10,2020-08-26 15:00:03+00:00,15718,638,79,Aug
150,Reviewing Your Data Science Projects - Episode 17 (Best Portfolio Website Yet?),2020-08-24 15:00:31+00:00,14913,514,53,Aug
151,Don't Buy My Course..,2020-08-21 16:00:32+00:00,7380,355,144,Aug
152,How a Subscriber Landed a Data Analyst Job in Less Than a Year (Ray Ojel) - KNN EP. 09,2020-08-19 15:00:11+00:00,29247,1099,166,Aug
153,Reviewing Your Projects - Episode 16 (Project Review for Beginners),2020-08-17 15:00:07+00:00,3357,128,38,Aug
154,Data Scientist Dismantles the YouTube Algorithm.,2020-08-14 15:00:31+00:00,6535,536,104,Aug
155,Sports Analytics & Streaming Data Science on Twitch (Nick Wan) - KNN EP. 08,2020-08-12 15:30:26+00:00,5259,188,38,Aug
156,Reviewing Your Data Science Projects - Episode 15 (Quant Finance),2020-08-10 15:00:08+00:00,15060,464,54,Aug
157,The Plagiarism Problem in Data Science,2020-08-07 15:00:16+00:00,13221,628,145,Aug
158,Interview with the Director of AI Research @ NVIDIA (Anima Anandkumar) - KNN EP. 07,2020-08-05 15:00:09+00:00,14907,608,89,Aug
159,Reviewing Your Data Science Projects - Episode 14 [Deep Learning Focus],2020-08-03 15:00:08+00:00,5171,192,56,Aug
160,My First Data Science Contracting Side-Gig (How I Did It),2020-07-31 14:30:01+00:00,11834,584,90,Jul
161,Do You Have a Data Science Mentor? (@Danny Ma) - KNN EP. 06,2020-07-30 01:00:10+00:00,2405,117,34,Jul
162,Reviewing Your Data Science Projects - Episode 13 (BONUS LinkedIn Review),2020-07-27 15:00:30+00:00,6275,265,112,Jul
163,Building a Deep Learning BEAST (NVIDIA TITAN RTX + RYZEN 3900X),2020-07-24 15:00:11+00:00,8601,250,193,Jul
164,Is it Important to Share Your Data Science Work? (Ft. Eric Weber),2020-07-22 15:00:05+00:00,1904,96,27,Jul
165,Reviewing Your Data Science Resumes - Episode 12 (3 Different Resumes!),2020-07-20 15:00:08+00:00,29521,558,90,Jul
166,Beginner Kaggle Data Science Project Walk-Through (Titanic),2020-07-17 16:00:05+00:00,430116,8878,459,Jul
167,Uber Driver to Machine Learning Engineer in 9 Months! (@Daniel Bourke) - KNN EP. 05,2020-07-16 02:00:09+00:00,30919,1125,118,Jul
168,Reviewing Your Data Science Projects - Episode 11(GITHUB CLEANING),2020-07-13 16:00:01+00:00,3990,133,50,Jul
169,The Best Computer for Data Science Beginners,2020-07-10 16:00:09+00:00,40718,869,160,Jul
170,Should You Major in Data Science? (Jaemin Lee) - KNN EP. 04,2020-07-08 21:00:09+00:00,6220,228,82,Jul
171,Critiquing MY OWN Data Science Resume,2020-07-06 16:00:30+00:00,12992,397,86,Jul
172,Where to Start Learning Data Science,2020-07-03 16:00:04+00:00,19565,791,125,Jul
173,"Data Science Productivity, Motivation, and Organization (ft. Data Professor & Codebasics)",2020-07-01 15:00:12+00:00,4383,200,33,Jul
174,Reviewing Your Data Science Projects - Episode 10 (Leveraging Your Data),2020-06-29 15:00:08+00:00,4894,184,52,Jun
175,How to Get a Data Science Job at FAANG (@Data Science Jay) - KNN EP. 03,2020-06-26 15:00:10+00:00,17080,554,77,Jun
176,Reviewing Your Data Science Projects - Episode 9 (Professional Violinist),2020-06-22 13:00:03+00:00,2476,82,40,Jun
177,"Ken Jee Q & A Live Stream (50,000 Sub Special!)",2020-06-20 02:09:18+00:00,2415,136,49,Jun
178,Reviewing Your Data Science Projects - Episode 8 (College Student Help),2020-06-15 13:00:12+00:00,4487,166,46,Jun
179,Why You're Struggling to Learn Data Science,2020-06-12 13:00:17+00:00,15478,995,157,Jun
180,Reviewing Your Data Science Projects - Episode 7 (Incredible Portfolio Website),2020-06-08 13:00:21+00:00,12427,364,70,Jun
181,The State of Data Science with Krish Naik & The Data Professor [Panel Discussion],2020-06-05 13:00:26+00:00,25431,702,142,Jun
182,Reviewing Your Data Science Projects - Episode 6 (Only 3 months of coding experience),2020-06-01 13:00:32+00:00,5778,154,53,Jun
183,How to Build a Data Science Portfolio Website with Hugo & Github Pages [feat. Data Professor],2020-05-29 13:00:21+00:00,81471,2295,277,May
184,Reviewing Your Data Science Projects - Episode 5 (Very Detailed Project),2020-05-25 13:00:13+00:00,21126,488,81,May
185,Different Data Science Roles Explained (by a Data Scientist),2020-05-22 13:01:09+00:00,58794,2037,176,May
186,Reviewing Your Data Science Projects - Episode 4 (Resume & Github),2020-05-18 13:00:22+00:00,11545,180,53,May
187,How to Make A Data Science Portfolio Website with Github Pages,2020-05-15 13:30:00+00:00,146750,4687,195,May
188,10000 Subscriber and 100th Video Special (Data Science),2020-05-13 13:00:17+00:00,3117,145,115,May
189,Reviewing Your Data Science Projects - Episode 3 (Student Portfolio),2020-05-11 13:00:33+00:00,4688,157,74,May
190,How I Would Learn Data Science (If I Had to Start Over),2020-05-08 13:00:03+00:00,1408812,48753,1985,May
191,Reviewing Your Data Science Projects - Episode 2 (Resume and Portfolio),2020-05-04 13:00:12+00:00,5765,200,42,May
192,What You Need to Know for a Data Science Internship,2020-05-01 13:00:10+00:00,23617,1223,60,May
193,Reviewing Your Data Science Projects - Episode 1 (Exploratory Analysis),2020-04-27 13:00:10+00:00,8773,355,53,Apr
194,What It's Like to be a Socially Distanced Data Scientist (A Day in the Life),2020-04-24 13:00:32+00:00,15160,452,99,Apr
195,Data Science in Sports - Talk for Northwestern (Kellogg) MBA Students,2020-04-22 13:00:30+00:00,3314,88,25,Apr
196,5 Tips for Crushing the Work From Home Life,2020-04-20 13:00:04+00:00,5528,198,38,Apr
197,Data Science Project from Scratch - Part 7 (Documenting Your Work),2020-04-17 13:00:04+00:00,24301,770,129,Apr
198,Data Science Project from Scratch -  Part 6 (Putting the Model into Production),2020-04-15 13:00:32+00:00,32669,764,99,Apr
199,Data Science Project from Scratch  - Part 5 (Model Building),2020-04-13 13:00:03+00:00,48575,955,151,Apr
200,Data Science Project from Scratch - Part 4 (Exploratory Data Analysis),2020-04-10 13:00:15+00:00,78685,1973,215,Apr
201,Data Science Project from Scratch - Part 3 (Data Cleaning),2020-04-08 13:00:19+00:00,88470,1838,279,Apr
202,Data Science Project from Scratch - Part 2 (Data Collection),2020-04-06 13:00:07+00:00,144616,3738,631,Apr
203,Data Science Project from Scratch - Part 1 (Project Planning),2020-04-03 13:00:12+00:00,228083,5520,174,Apr
204,When Data Science Goes Wrong,2020-03-30 13:00:06+00:00,1849,106,30,Mar
205,How to ULTRALEARN Data Science,2020-03-27 13:00:02+00:00,62655,3789,169,Mar
206,Why Right NOW is a Great Time to Learn Data Science,2020-03-23 13:00:30+00:00,4561,267,50,Mar
207,Data Science Project Example Start to Finish (Deep Learning Image Classifier),2020-03-20 13:00:22+00:00,14677,477,45,Mar
208,The Secret Data Scientists Don't Want You to Know,2020-03-16 13:00:23+00:00,11177,1140,100,Mar
209,The 5 Stages of Learning Data Science,2020-03-13 13:00:26+00:00,17844,1285,70,Mar
210,Can You Learn Data Science Without a Computer?,2020-03-11 13:00:03+00:00,2374,151,14,Mar
211,The Best Free Data Science Courses Nobody is Talking About,2020-03-09 13:00:04+00:00,354586,21241,620,Mar
212,The Data Science Projects that Got Me a Job,2020-03-06 14:00:11+00:00,42298,1393,41,Mar
213,How to Integrate Data Science into Your Business,2020-03-02 14:00:01+00:00,3517,130,16,Mar
214,The Problem with Data Science,2020-02-28 14:00:07+00:00,3911,149,18,Feb
215,How Much Did Cheating Help the Astros Win? (What the Numbers Say),2020-02-24 14:00:00+00:00,1259,44,16,Feb
216,How to Set Up Your Data Science Environment (Anaconda Beginner),2020-02-21 14:00:02+00:00,150801,2720,95,Feb
217,3 Proven Data Science Projects for Beginners (Kaggle),2020-02-17 14:00:04+00:00,338462,17918,520,Feb
218,Data Science Advice for College Students,2020-02-14 17:22:37+00:00,69667,1963,191,Feb
219,Avoid These Data Science Resume Mistakes!,2020-02-10 15:52:59+00:00,29208,1247,60,Feb
220,Data Science Explained with ... Cooking?,2020-02-07 15:56:55+00:00,5788,314,48,Feb
221,The 4 Types of Sports Analytics Projects,2020-02-03 16:35:19+00:00,35928,1129,65,Feb
222,Data Science in Golf: PGA Merchandise Show 2020,2020-01-31 18:50:23+00:00,675,19,13,Jan
223,How I Learned Data Science,2020-01-27 14:41:18+00:00,94819,2677,209,Jan
224,What is Sports Analytics Really?,2020-01-20 14:00:00+00:00,24811,682,75,Jan
225,Data Science Certificate vs Bootcamp vs Masters Degree,2020-01-18 01:03:08+00:00,115603,3180,576,Jan
226,How To Learn Programming for Data Science [3 Steps],2020-01-13 16:48:44+00:00,30501,1982,96,Jan
227,Data Science Fundamentals: SQL Queries,2020-01-10 19:15:01+00:00,7241,225,35,Jan
228,Questions You Should Ask Your Data Science Interviewers,2020-01-06 14:00:04+00:00,3215,148,14,Jan
229,The 9 Books That Changed My Perspective in 2019,2020-01-03 14:45:28+00:00,3426,175,25,Jan
230,The Data Science Interview: What to Expect,2019-12-30 14:00:01+00:00,8794,380,32,Dec
231,5 Data Science Resolutions for 2020,2019-12-27 14:00:07+00:00,484,24,12,Dec
232,How to Scrape NBA Data Using the nba_api Python Module,2019-12-23 12:59:47+00:00,19902,681,95,Dec
233,Collision Course: Sports Betting + Data Science,2019-12-20 14:00:02+00:00,22014,572,27,Dec
234,3 Reasons You Should NOT Become a Data Scientist,2019-12-16 18:46:58+00:00,101237,2900,200,Dec
235,5 Sports Analytics Books to Get You Started,2019-12-13 14:00:01+00:00,12279,447,60,Dec
236,Math Needed for Mastering Data Science,2019-12-09 14:00:15+00:00,58733,2888,215,Dec
237,The 5 Stages of Data Science Adoption,2019-12-06 14:00:04+00:00,1408,68,17,Dec
238,How YOU Can Land a Sports Analytics Job,2019-12-02 14:00:05+00:00,78573,3317,228,Dec
239,Data Science Fundamentals: Linear Regression,2019-11-29 14:00:02+00:00,6866,176,42,Nov
240,Golf: Would You Rather Be the LONGEST or STRAIGHTEST Driver on the PGA Tour?,2019-11-25 14:00:11+00:00,1353,55,12,Nov
241,Sports Analytics 101: The Pythagorean Theorem of Sports,2019-11-22 14:00:06+00:00,7664,296,27,Nov
242,9 Ways You Can Make Extra Income as a Data Scientist,2019-11-18 15:34:12+00:00,47180,1746,79,Nov
243,Applying Data Science To My YouTube Data: My Surprising Findings,2019-11-11 21:12:11+00:00,6071,141,31,Nov
244,Why Selling Is An Important Data Science Skill,2019-11-04 14:57:00+00:00,1742,80,13,Nov
245,By The Numbers: Where Should The NBA Put a 4 Point Line?,2019-10-21 16:38:58+00:00,3325,76,18,Oct
246,Why is Balance Important in Data Science?,2019-10-16 17:40:34+00:00,748,35,13,Oct
247,How to Stay Productive & Motivated When Learning Data Science,2019-09-29 00:29:59+00:00,12240,584,57,Sep
248,How Far Should the NBA 3-Point Line Actually Be?,2019-09-21 23:04:57+00:00,4864,128,41,Sep
249,6 Habits of Successful Data Scientists,2019-09-13 04:40:51+00:00,2340,99,17,Sep
250,How To Build A Word Cloud From Scraped Data (Python),2019-09-04 01:32:06+00:00,5485,114,10,Sep
251,Thank You For The Support | What's Next | Ken Jee | Data Science,2019-08-26 12:42:32+00:00,530,23,29,Aug
252,Is Data Science Right For You?,2019-08-18 16:54:05+00:00,54496,1218,109,Aug
253,Data Science Fundamentals: Data Cleaning in Python,2019-08-11 20:50:23+00:00,15646,397,55,Aug
254,How To Get Data Science Experience (Without a Job),2019-08-08 01:58:40+00:00,30210,1388,77,Aug
255,Take Your Data Science Projects From Good to Great,2019-08-05 02:34:28+00:00,1695,108,11,Aug
256,The Projects You Should Do To Get A Data Science Job,2019-07-30 03:35:48+00:00,157971,5756,251,Jul
257,What Does a Data Scientist Actually Do?,2019-07-19 03:18:04+00:00,65466,1418,75,Jul
258,Data Science Fundamentals: Data Manipulation in Python (Pandas),2019-07-13 21:09:41+00:00,13878,364,44,Jul
259,Data Science Fundamentals: Data Exploration in Python (Pandas),2019-07-05 14:29:49+00:00,19203,548,61,Jul
260,Data Science: Pros and Cons,2019-06-30 15:26:49+00:00,5939,232,18,Jun
261,How I Got My First Data Science Internship (And How You Can Land One),2019-06-21 04:33:34+00:00,27394,1269,89,Jun
262,My Top 5 Data Science Internship Tips,2019-06-15 15:28:26+00:00,12453,506,24,Jun
263,Golf STATS: Strokes Gained Explained,2019-06-07 03:10:34+00:00,9363,178,32,Jun
264,Most Data Science Hopefuls Overlook This Important Skill,2019-05-25 18:34:33+00:00,630,43,5,May
265,What I Learned From My Three Degrees,2019-05-17 03:10:29+00:00,1316,59,12,May
266,I Wish I Had Known THIS Before Starting in Data Science,2019-05-14 00:21:28+00:00,25763,1059,66,May
267,NASA Physicist Turned Data Scientist (Tim Bowling) - KNN EP. 02,2019-05-05 20:26:36+00:00,1301,39,2,May
268,Should You Learn R for Data Science?,2019-04-25 15:00:01+00:00,22802,576,72,Apr
269,Scrape Twitter Data in Python with Twitterscraper Module,2019-04-18 15:00:14+00:00,47016,837,318,Apr
270,Work From Home Data Scientist: Day in the Life,2019-04-12 15:00:00+00:00,28608,756,101,Apr
271,Where to Look for Data Science Jobs,2019-03-29 16:00:01+00:00,3073,116,9,Mar
272,Data Science: Startup vs. Large Corporation,2019-03-21 17:00:01+00:00,2617,81,4,Mar
273,"Data Science, Machine Learning, and AI: What's the Difference?",2019-03-16 14:00:04+00:00,6664,181,26,Mar
274,Was Captain Marvel Bad? A Sentiment Analysis of Twitter Data,2019-03-09 21:58:10+00:00,4353,179,15,Mar
275,Why You DON'T Want to be a WFH Data Scientist,2019-03-03 22:14:01+00:00,858,32,12,Mar
276,Welcome To My Channel | Ken Jee | Data Science,2019-03-03 01:00:17+00:00,1866,37,8,Mar
277,Where YOU Should Start With Data Science Projects,2019-02-19 03:23:50+00:00,19840,375,20,Feb
278,Watch This Before Applying to Data Science Jobs,2019-02-04 23:40:34+00:00,1550,65,13,Feb
279,My Top 5 Data Science Resources for 2019,2019-01-05 22:07:08+00:00,3832,121,15,Jan
280,IT'S NOT TOO LATE TO LEARN CODE!,2018-12-18 02:01:15+00:00,868,34,6,Dec
281,The Best Way to Predict NBA Minutes Played,2018-12-11 02:39:35+00:00,5938,130,15,Dec
282,Demystifying Data Science Roles,2018-11-30 01:22:49+00:00,1182,50,5,Nov
283,How to Simulate NBA Games in Python,2018-11-19 23:31:49+00:00,19430,417,50,Nov
284,Should You Get A Masters in Data Science?,2018-11-14 01:39:33+00:00,21133,303,133,Nov
285,How I Became A Data Scientist From a Business Background,2018-11-12 00:26:08+00:00,6815,202,23,Nov
286,Predicting Season Long NBA Wins Using Multiple Linear Regression,2018-07-10 16:39:52+00:00,9570,196,17,Jul
287,Predicting Crypto-Currency Price Using RNN lSTM & GRU,2017-11-18 20:04:51+00:00,19772,297,40,Nov
